node_id	label	name	page_no	sentence_id
e00001	Concept	刑法论	1	s0001
e00002	Concept	刑法的解释	1	s0001
e00003	Concept	基本原则	1	s0001
e00004	Concept	适用效力	1	s0001
e00005	Concept	犯罪成立问题	1	s0001
e00006	Concept	犯罪构成体系	1	s0001
e00007	Concept	犯罪的时间发展问题	1	s0001
e00008	Concept	犯罪形态	1	s0001
e00009	Concept	预备一	1	s0001
e00010	Concept	中止一	1	s0001
e00011	Concept	未遂一	1	s0001
e00012	Concept	既弟	1	s0001
e00013	Concept	刑法	1	s0001
e00014	Concept	犯罪成立	1	s0001
e00015	Concept	之后的问题二	1	s0001
e00016	Concept	犯罪的空间分布问题	1	s0001
e00017	Concept	共同犯罪	1	s0001
e00018	Concept	正犯一	1	s0001
e00019	Concept	共犯	1	s0001
e00020	Concept	犯罪的数量计算问题	1	s0001
e00021	Concept	罪数	1	s0001
e00022	Concept	一罪一	1	s0001
e00023	Concept	孝徘	1	s0001
e00024	Concept	上刑果论	1	s0001
e00025	Concept	刑罚的体系一	1	s0001
e00026	Concept	城量	1	s0001
e00027	Concept	执行	1	s0001
e00028	Concept	消严	1	s0001
e00029	Concept	第一太	1	s0001
e00030	Concept	刑法的解释	1	s0001
e00031	Concept	问题	1	s0001
e00032	Concept	如何解释故意杀人罪中的	1	s0001
e00033	Concept	杀害脑死亡的人是否构成故意杀人罪	1	s0002
e00034	Concept	批判法律	1	s0003
e00035	Concept	修改法律	1	s0003
e00036	Concept	立法论研究	1	s0003
e00037	Concept	服务对象是立法者	1	s0003
e00038	Concept	刑法研究方向	1	s0003
e00039	Concept	解释法律	1	s0003
e00040	Concept	适用法委	1	s0003
e00041	Concept	解释论研究	1	s0003
e00042	Concept	服务对象是实务人二	1	s0003
e00043	Concept	结论	1	s0003
e00044	Concept	脑死亡但心脏在跳动的人	1	s0003
e00045	Concept	属于活人	1	s0003
e00046	Concept	杀害之	1	s0004
e00047	Concept	构成故意杀人罪	1	s0004
e00048	Concept	刑法	2	s0006
e00049	Concept	专题讲座精讲郑	2	s0006
e00050	Concept	刑法解释学又被称为刑法教义学	2	s0006
e00051	Concept	意思是将法条规定当作教义一样去解释	2	s0006
e00052	Concept	培养人们	2	s0006
e00053	Concept	对法律的信仰	2	s0006
e00054	Concept	法律不是被嘲笑的对象	2	s0007
e00055	Concept	这也是法考命题的基本理念	2	s0007
e00056	Concept	基于这一理念	2	s0007
e00057	Concept	法考考查的能力是	2	s0007
e00058	Concept	如何解释法律	2	s0007
e00059	Concept	适用法律	2	s0007
e00060	Concept	妥当处理案件	2	s0007
e00061	Concept	而不是如何批判法律	2	s0007
e00062	Concept	改法律	2	s0007
e00063	Concept	因此	2	s0007
e00064	Concept	刑法的解释方法成为历年考试重点	2	s0007
e00065	Concept	第一	2	s0007
e00066	Concept	解释对象	2	s0007
e00067	Concept	解释的对象是现行刑法规范	2	s0007
e00068	Concept	这包括两个	2	s0007
e00069	Concept	一是刑法典	2	s0007
e00070	Concept	日生效	2	s0007
e00071	Concept	刑法修正案是对刑法典作的小修小补	2	s0007
e00072	Concept	至今已有	2	s0007
e00073	Concept	个刑法修正案	2	s0007
e00074	Concept	二是	2	s0007
e00075	Concept	一部单行刑法	2	s0007
e00076	Concept	第二	2	s0007
e00077	Concept	解释效力	2	s0007
e00078	Concept	全国人大常委会作的立法解释	2	s0007
e00079	Concept	最高法院	2	s0007
e00080	Concept	最高检察院作的司法解	2	s0007
e00081	Concept	学者作的学理解释没有法律效力	2	s0007
e00082	Concept	第三	2	s0007
e00083	Concept	解释方法	2	s0007
e00084	Concept	这包括解释技巧和解释理由	2	s0007
e00085	Concept	解释技巧负责生产结论	2	s0007
e00086	Concept	类似于生产	2	s0007
e00087	Concept	部门	2	s0007
e00088	Concept	解释理由负责为结论提供论证理由	2	s0007
e00089	Concept	类似于质检部门	2	s0007
e00090	Concept	解释技巧	2	s0007
e00091	Concept	对一个条文术语的含义	2	s0007
e00092	Concept	需要通过解释技巧得出解释结论	2	s0007
e00093	Concept	常考的解释技巧有	2	s0007
e00094	Concept	平义解释	2	s0007
e00095	Concept	这是指按照该用语最平常的字面含义来解释	2	s0007
e00096	Concept	既不扩大含义范围	2	s0007
e00097	Concept	也不缩小含义范	2	s0007
e00098	Concept	即所谓的看山是山	2	s0007
e00099	Concept	看水是水	2	s0007
e00100	Concept	人鲍如	2	s0007
e00101	Concept	年第	2	s0007
e00102	Concept	将盗窃罪对象的	2	s0007
e00103	Concept	公私财	2	s0007
e00104	Concept	解释为	2	s0007
e00105	Concept	他人的财物	2	s0007
e00106	Concept	属于平义解释	2	s0007
e00107	Concept	公私财物	2	s0007
e00108	Concept	意指不是自己的财物	2	s0007
e00109	Concept	而是	2	s0007
e00110	Concept	他人的财物	2	s0007
e00111	Concept	这里的	2	s0007
e00112	Concept	他人	2	s0007
e00113	Concept	既包括自然人	2	s0007
e00114	Concept	私人	2	s0007
e00115	Concept	也包括单位	2	s0007
e00116	Concept	公家	2	s0007
e00117	Concept	反正只要	2	s0007
e00118	Concept	不是自己的财物	2	s0007
e00119	Concept	就能成为盗宅罪的对象	2	s0007
e00120	Concept	这种解释既没有扩大	2	s0007
e00121	Concept	也没有缩小盗穿罪的对	2	s0007
e00122	Concept	象范围	2	s0007
e00123	Concept	因此属于平义解杰	2	s0007
e00124	Concept	扩大解释	2	s0007
e00125	Concept	又称扩张解释	2	s0007
e00126	Concept	这是指对用语解释后的含义大于字面含义	2	s0007
e00127	Concept	但该含义仍处在该用语可能的含义范围	2	s0007
e00128	Concept	例如	2	s0007
e00129	Concept	将侵犯通信自由罪中的	2	s0007
e00130	Concept	信件	2	s0007
e00131	Concept	解释为包含电子邮件	2	s0007
e00132	Concept	属于扩大解释	2	s0007
e00133	Concept	缩小解释	2	s0007
e00134	Concept	又称限制解释	2	s0007
e00135	Concept	这是指对用语解释后的含义小于字面含义	2	s0007
e00136	Concept	是字面含义的一个子集	2	s0007
e00137	Concept	例如	2	s0007
e00138	Concept	年试题	2	s0007
e00139	Concept	为境外穿取	2	s0007
e00140	Concept	和刺探国家情报罪	2	s0007
e00141	Concept	是危害国家安全的犯罪	2	s0007
e00142	Concept	因此	2	s0007
e00143	Concept	其中的	2	s0007
e00144	Concept	情报	2	s0007
e00145	Concept	不是泛指一	2	s0007
e00146	Concept	切情报	2	s0007
e00147	Concept	如商业情报	2	s0007
e00148	Concept	高科技情报等	2	s0007
e00149	Concept	而应缩小解释为关系到国家安全的情报	2	s0007
e00150	Concept	类推解释	2	s0007
e00151	Concept	这是指将不符合法律规定的情形解释为符合法律规定的情形	2	s0007
e00152	Concept	例如	2	s0007
e00153	Concept	将强奸罪中的	2	s0007
e00154	Concept	妇女	2	s0007
e00155	Concept	解释为包括男子	2	s0007
e00156	Concept	就属于类推解释	2	s0007
e00157	Concept	性质	2	s0007
e00158	Concept	刑法禁止类推解释	2	s0007
e00159	Concept	无论立法解释	2	s0007
e00160	Concept	还是司法解释	2	s0007
e00161	Concept	均禁止类推解释	2	s0007
e00162	Concept	例外	2	s0007
e00163	Concept	禁止类推解释是原则	2	s0007
e00164	Concept	但例外的	2	s0007
e00165	Concept	不禁止有利于被告人的类推解释	2	s0007
e00166	Concept	这是	2	s0007
e00167	Concept	因为	2	s0007
e00168	Concept	禁止类推解释是为了保障人权	2	s0007
e00169	Concept	而有利于被告人的类推解释也是为了保障人权	2	s0007
e00170	Concept	单行刑法	2	s0007
e00171	Concept	是指国家在刑法典之外单独针对某一类犯罪规定的刑法规范	2	s0007
e00172	Concept	目前典型的单行刑法只有一个	2	s0007
e00173	Concept	日全国人大常委会颁布的	2	s0007
e00174	Concept	关于惩治骗购外汇	2	s0007
e00175	Concept	逃汇和非法买卖外汇犯罪的决定	2	s0007
e00176	Concept	提示	2	s0007
e00177	Concept	附属刑法	2	s0007
e00178	Concept	是指附	2	s0007
e00179	Concept	带规定在经济法	2	s0007
e00180	Concept	行政法等非刑事法律中的罪刑规范	2	s0007
e00181	Concept	有些国家的法律有此做法	2	s0007
e00182	Concept	例如	2	s0007
e00183	Concept	德国	2	s0007
e00184	Concept	日本将许多交通领域的	2	s0007
e00185	Concept	犯罪规定在道路交通法中	2	s0007
e00186	Concept	在我国	2	s0007
e00187	Concept	只有刑法典和单行刑法有权规定犯罪和刑罚	2	s0007
e00188	Concept	因此我国目前没有附属刑法	2	s0007
e00189	Concept	第一讲	2	s0007
e00190	Concept	刑法论	2	s0007
e00191	Concept	区分	2	s0007
e00192	Concept	类推解释与扩大解释的区分标准	2	s0007
e00193	Concept	五星级考点	2	s0007
e00194	Concept	第一	2	s0007
e00195	Concept	扩大解释得出的结	2	s0007
e00196	Concept	在词义射程范围内	2	s0007
e00197	Concept	类推解释得出的结论	2	s0007
e00198	Concept	在词义射程范围外	2	s0007
e00199	Concept	第二	2	s0007
e00200	Concept	扩大解释得出	2	s0007
e00201	Concept	的结论	2	s0007
e00202	Concept	没有超出国民的预测可能性	2	s0007
e00203	Concept	类推解释得出的结论	2	s0007
e00204	Concept	明显超出国民的预测可能	2	s0007
e00205	Concept	简单讲	2	s0007
e00206	Concept	扩大解释	2	s0007
e00207	Concept	就是扯得还行	2	s0007
e00208	Concept	类推解释	2	s0007
e00209	Concept	就是扯得太远	2	s0007
e00210	Concept	类推解释	2	s0007
e00211	Concept	扩大解释	2	s0007
e00212	Concept	平义解释	2	s0007
e00213	Concept	缩小解释	2	s0007
e00214	Concept	总结	2	s0007
e00215	Concept	易考情形	2	s0007
e00216	Concept	将遗弃罪中的	2	s0007
e00217	Concept	负有扶养义务	2	s0007
e00218	Concept	的人解释为既包括家庭成员	2	s0007
e00219	Concept	也包括负有扶养	2	s0007
e00220	Concept	义务的其他人	2	s0007
e00221	Concept	属于扩大解释	2	s0007
e00222	Concept	将侵犯通信自由罪中的	2	s0007
e00223	Concept	信件	2	s0007
e00224	Concept	解释为包含电子邮件	2	s0007
e00225	Concept	属于扩大解释	2	s0007
e00226	Concept	金融机构	2	s0007
e00227	Concept	解释为包含使用中的运钞车	2	s0007
e00228	Concept	自动取款机	2	s0007
e00229	Concept	属于扩大解释	2	s0007
e00230	Concept	将走私弹药罪中的	2	s0007
e00231	Concept	弹药	2	s0007
e00232	Concept	解释为包含弹克	2	s0007
e00233	Concept	属于扩大解释	2	s0007
e00234	Concept	这是司法解释的规定	2	s0007
e00235	Concept	将组织卖淫罪中的	2	s0007
e00236	Concept	组织他人卖淫	2	s0007
e00237	Concept	解释为包含男性向女性卖涩	2	s0007
e00238	Concept	属于扩大	2	s0007
e00239	Concept	解释	2	s0007
e00240	Concept	巩固练习	2	s0007
e00241	Concept	将信用卡诈骗罪中的	2	s0007
e00242	Concept	人信用卡	2	s0007
e00243	Concept	解释为包含借记卡	2	s0007
e00244	Concept	储著卡	2	s0007
e00245	Concept	属于扩大解释	2	s0007
e00246	Concept	这是立法解释的规定	2	s0007
e00247	Concept	年第	2	s0007
e00248	Concept	将破坏交通工具罪中的	2	s0007
e00249	Concept	汽车	2	s0007
e00250	Concept	解释为包含大型拖拉机	2	s0007
e00251	Concept	属于扩大解释	2	s0007
e00252	Concept	年第	2	s0007
e00253	Concept	将劫持汽车罪中的	2	s0007
e00254	Concept	汽车	2	s0007
e00255	Concept	解释为包含火车	2	s0007
e00256	Concept	地铁	2	s0007
e00257	Concept	属于类推解释	2	s0007
e00258	Concept	如果动	2	s0007
e00259	Concept	持火车	2	s0007
e00260	Concept	地铁	2	s0007
e00261	Concept	可定破坏交通工具罪	2	s0007
e00262	Concept	将盗穿骨灰的行为认定为盗窜	2	s0007
e00263	Concept	尸体	2	s0007
e00264	Concept	属于类推解释	2	s0007
e00265	Concept	年第	2	s0007
e00266	Concept	将非法制造大炮解释为非法制造枪支罪	2	s0007
e00267	Concept	属于扩大解释	2	s0007
e00268	Concept	年试题	2	s0007
e00269	Concept	将传播性病罪中的	2	s0007
e00270	Concept	性病	2	s0007
e00271	Concept	解释为包括艾滋病	2	s0007
e00272	Concept	属于扩大解释	2	s0007
e00273	Concept	这是司法解炙	2	s0007
e00274	Concept	的规定	2	s0007
e00275	Concept	将传播汲秽物品罪中的	2	s0007
e00276	Concept	淫秽物品	2	s0007
e00277	Concept	解释为包括	2	s0007
e00278	Concept	在网上直播淫秽表演	2	s0007
e00279	Concept	于扩大解释	2	s0007
e00280	Concept	这是司法解释的规定	3	s0066
e00281	Concept	将故意毁坏财物罪中的	3	s0067
e00282	Concept	毁坏	3	s0067
e00283	Concept	解释为	3	s0067
e00284	Concept	不仅包括物理性毁坏	3	s0067
e00285	Concept	还包括功能性	3	s0067
e00286	Concept	毁坏	3	s0067
e00287	Concept	属于扩大解释	3	s0067
e00288	Concept	反义解释	3	s0068
e00289	Concept	反义解释也称反对解释	3	s0068
e00290	Concept	是指根据用语的正面表述	3	s0068
e00291	Concept	推导出其反面含义	3	s0068
e00292	Concept	也即从	3	s0068
e00293	Concept	推导出	3	s0068
e00294	Concept	例如	3	s0069
e00295	Concept	周岁及以上的人要对盗穿罪负刑事责任	3	s0069
e00296	Concept	据此	3	s0070
e00297	Concept	不满	3	s0070
e00298	Concept	岁的人便不需对盗窃罪负刑事责任	3	s0070
e00299	Concept	年试题	3	s0071
e00300	Concept	参见张明楷	3	s0071
e00301	Concept	罪刑法定与刑法解释	3	s0071
e00302	Concept	北京大学出版社	3	s0071
e00303	Concept	年版	3	s0071
e00304	Concept	张明楷	3	s0072
e00305	Concept	刑法分则的解释原理	3	s0072
e00306	Concept	下册	3	s0072
e00307	Concept	第二版	3	s0072
e00308	Concept	中国人民大学出版社	3	s0072
e00309	Concept	年版	3	s0072
e00310	Concept	刑法	4	s0073
e00311	Concept	专题讲座精讲卷	4	s0073
e00312	Concept	解释理由	4	s0073
e00313	Concept	在通过解释技巧对一个条文术语得出一个结论后	4	s0073
e00314	Concept	必须提供理由	4	s0073
e00315	Concept	论证解释的合理	4	s0073
e00316	Concept	常考的解释理由有	4	s0074
e00317	Concept	文理解释	4	s0074
e00318	Concept	这是指根据文法	4	s0074
e00319	Concept	语法等来论证解释后的含义是否属于刑法用语可能具有的含义	4	s0074
e00320	Concept	而言之	4	s0075
e00321	Concept	需要考查解释后的含义在文理上是否讲得通	4	s0075
e00322	Concept	年第	4	s0076
e00323	Concept	下面说法是否正确	4	s0076
e00324	Concept	刑法规定	4	s0076
e00325	Concept	以暴力	4	s0076
e00326	Concept	胁迫或者其他手段	4	s0076
e00327	Concept	强奸妇女的	4	s0076
e00328	Concept	构成强奸罪	4	s0076
e00329	Concept	按照文理解释	4	s0077
e00330	Concept	可将灰夫强行与妻子性交的行为解释为	4	s0077
e00331	Concept	强奸	4	s0077
e00332	Concept	妇女	4	s0077
e00333	Concept	答案	4	s0078
e00334	Concept	说法正确	4	s0078
e00335	Concept	从文理上看	4	s0079
e00336	Concept	刑法第	4	s0079
e00337	Concept	条并没有将婚内强奸排除在强奸罪之	4	s0079
e00338	Concept	所谓婚内强奸是否构成强奸罪的问题	4	s0080
e00339	Concept	主要是证据的证明问题	4	s0080
e00340	Concept	因为是夫妻关系	4	s0080
e00341	Concept	证据上比较难证明强奸事实	4	s0080
e00342	Concept	一旦有证据证明	4	s0081
e00343	Concept	克夫强奸了妻子	4	s0081
e00344	Concept	按照刑法第	4	s0081
e00345	Concept	条规	4	s0081
e00346	Concept	应以强奸罪论处	4	s0081
e00347	Concept	年试题	4	s0082
e00348	Concept	招摇撞骗罪是指冒充国家机关工作人员招扬撞骗	4	s0082
e00349	Concept	将副乡长冒	4	s0083
e00350	Concept	充市长招扬撞骗	4	s0083
e00351	Concept	解释为	4	s0083
e00352	Concept	冒充	4	s0083
e00353	Concept	国家机关工作人员招摇撞骗	4	s0083
e00354	Concept	符合文理解释	4	s0083
e00355	Concept	体系解释	4	s0084
e00356	Concept	这是指根据体系逻辑来论证解释后的含义在刑法体系中是否协调合理	4	s0084
e00357	Concept	例如	4	s0085
e00358	Concept	年第	4	s0085
e00359	Concept	从文义上看	4	s0085
e00360	Concept	伪造	4	s0085
e00361	Concept	可以包含	4	s0085
e00362	Concept	变造	4	s0085
e00363	Concept	但是我国刑法在伪造货币罪之外	4	s0085
e00364	Concept	又规定了变造货币罪	4	s0085
e00365	Concept	那么伪造货币罪中的	4	s0085
e00366	Concept	伪造	4	s0085
e00367	Concept	就不能包含	4	s0085
e00368	Concept	变造	4	s0085
e00369	Concept	同一用语的含义相对化	4	s0087
e00370	Concept	一词多义	4	s0087
e00371	Concept	体系解释并不意味着同一用语在不同条	4	s0088
e00372	Concept	文中需要保持同一含义	4	s0088
e00373	Concept	相反	4	s0089
e00374	Concept	同一用语在不同语境	4	s0089
e00375	Concept	不同条文	4	s0089
e00376	Concept	不同部门法	4	s0089
e00377	Concept	中可以保	4	s0089
e00378	Concept	持不同含义	4	s0089
e00379	Concept	年第	4	s0090
e00380	Concept	胁崇	4	s0090
e00381	Concept	既是抢劫罪的手段	4	s0090
e00382	Concept	也是强奸罪的手段	4	s0090
e00383	Concept	但在这两	4	s0090
e00384	Concept	罪中的含义范围有所不同	4	s0090
e00385	Concept	抢劫罪的	4	s0091
e00386	Concept	胁迫	4	s0091
e00387	Concept	要求以暴力相胁迪	4	s0091
e00388	Concept	但强奸罪的	4	s0091
e00389	Concept	胁人锯	4	s0091
e00390	Concept	可以是以非暴力相有胁迫	4	s0092
e00391	Concept	例如	4	s0093
e00392	Concept	甲对乙声称	4	s0093
e00393	Concept	不给钱	4	s0093
e00394	Concept	就曝光你的裸照	4	s0093
e00395	Concept	甲不构成抢劫	4	s0094
e00396	Concept	而构成敲诈勒索罪	4	s0094
e00397	Concept	而甲对乙声称	4	s0094
e00398	Concept	不答应跟我睡觉	4	s0094
e00399	Concept	就曝光你的裸照	4	s0094
e00400	Concept	甲构成强	4	s0095
e00401	Concept	奸罪	4	s0095
e00402	Concept	因此	4	s0096
e00403	Concept	强奸罪中	4	s0096
e00404	Concept	胁崇	4	s0096
e00405	Concept	的含义范围大于抢劫罪中	4	s0096
e00406	Concept	胁迪	4	s0096
e00407	Concept	的含义范围	4	s0096
e00408	Concept	强奸罪	4	s0097
e00409	Concept	中的	4	s0097
e00410	Concept	胁迫	4	s0097
e00411	Concept	抢动罪中的	4	s0097
e00412	Concept	胁迫	4	s0097
e00413	Concept	敲诈勒索罪中的	4	s0097
e00414	Concept	胁迪	4	s0097
e00415	Concept	年第	4	s0098
e00416	Concept	刑法分则有不少条文并列规定了	4	s0098
e00417	Concept	伪造	4	s0098
e00418	Concept	变造	4	s0098
e00419	Concept	但不	4	s0098
e00420	Concept	排除在其他一些条文中将	4	s0098
e00421	Concept	变造	4	s0098
e00422	Concept	解杰为	4	s0098
e00423	Concept	伪造	4	s0098
e00424	Concept	的一种表现形式	4	s0098
e00425	Concept	该说法是否正确	4	s0099
e00426	Concept	答案	4	s0100
e00427	Concept	正确	4	s0100
e00428	Concept	例如	4	s0101
e00429	Concept	伪造货币罪和变造货币罪	4	s0101
e00430	Concept	二者是并列关系	4	s0101
e00431	Concept	不是包含关系	4	s0101
e00432	Concept	因此	4	s0101
e00433	Concept	这里的	4	s0101
e00434	Concept	伪造	4	s0101
e00435	Concept	不能包含	4	s0101
e00436	Concept	变造	4	s0101
e00437	Concept	又如	4	s0102
e00438	Concept	刑法规定了	4	s0102
e00439	Concept	帮助伪造证据罪	4	s0102
e00440	Concept	没有规定	4	s0102
e00441	Concept	帮助变造证据罪	4	s0102
e00442	Concept	因此	4	s0102
e00443	Concept	帮助伪造证据罪	4	s0102
e00444	Concept	中的	4	s0102
e00445	Concept	伪造	4	s0102
e00446	Concept	可以包括	4	s0102
e00447	Concept	变造	4	s0102
e00448	Concept	可见	4	s0103
e00449	Concept	伪造	4	s0103
e00450	Concept	在有些罪名中不能包括	4	s0103
e00451	Concept	变造	4	s0103
e00452	Concept	在有些罪名中可以包括	4	s0103
e00453	Concept	变造	4	s0103
e00454	Concept	巩固练习	4	s0104
e00455	Concept	年第	4	s0104
e00456	Concept	强制猥襄	4	s0104
e00457	Concept	侮辱罪与侮辱罪	4	s0104
e00458	Concept	二者中的	4	s0104
e00459	Concept	伪义并不相同	4	s0104
e00460	Concept	前者是指侵犯人的性羞耻心	4	s0105
e00461	Concept	例如	4	s0106
e00462	Concept	强行脱妇女衣服	4	s0106
e00463	Concept	后者是指侵犯	4	s0107
e00464	Concept	人的名誉	4	s0107
e00465	Concept	例如	4	s0108
e00466	Concept	往妇女身上淡酒美便	4	s0108
e00467	Concept	年试题	4	s0109
e00468	Concept	传播淫秽物品牟利罪与传播性病罪	4	s0109
e00469	Concept	二者中的	4	s0109
e00470	Concept	传播	4	s0109
e00471	Concept	含义并	4	s0109
e00472	Concept	不相同	4	s0109
e00473	Concept	前者是指使不特定人知晓内容	4	s0110
e00474	Concept	后者是指传染	4	s0111
e00475	Concept	第一讲	5	s0113
e00476	Concept	刑法论	5	s0113
e00477	Concept	甲开设洗浴中心	5	s0113
e00478	Concept	只提供色情按摩服务	5	s0113
e00479	Concept	不提供性交服务	5	s0113
e00480	Concept	在行政法	5	s0114
e00481	Concept	治安管	5	s0114
e00482	Concept	理处罚法	5	s0114
e00483	Concept	甲属于组织卖淫活动	5	s0114
e00484	Concept	但在刑法上甲不构成组织卖淫罪	5	s0115
e00485	Concept	刑法上的组织	5	s0116
e00486	Concept	卖淫	5	s0116
e00487	Concept	含义范围要窄一些	5	s0116
e00488	Concept	要求提供性交服务	5	s0116
e00489	Concept	不同用语的含义同一化	5	s0118
e00490	Concept	多词一义	5	s0118
e00491	Concept	刑法中几个不同的用语也可以保持同一	5	s0119
e00492	Concept	个含义	5	s0119
e00493	Concept	刑法条文中的	5	s0120
e00494	Concept	出售	5	s0120
e00495	Concept	销售	5	s0120
e00496	Concept	倒卖	5	s0120
e00497	Concept	贩燃	5	s0120
e00498	Concept	的含义相同	5	s0120
e00499	Concept	是指有偿转让所	5	s0120
e00500	Concept	有权	5	s0120
e00501	Concept	刑法条文中的	5	s0121
e00502	Concept	恐吓	5	s0121
e00503	Concept	胁迫	5	s0121
e00504	Concept	威胁	5	s0121
e00505	Concept	散诈	5	s0121
e00506	Concept	的含义相同	5	s0121
e00507	Concept	是指以恶害相通	5	s0121
e00508	Concept	使对方产生丽惧心理	5	s0121
e00509	Concept	同类解释规则	5	s0123
e00510	Concept	这是指立法者在描述罪状时经常使用	5	s0124
e00511	Concept	例示法	5	s0124
e00512	Concept	也即先列举几个例	5	s0124
e00513	Concept	然后用	5	s0124
e00514	Concept	及其他	5	s0124
e00515	Concept	来概括兜底	5	s0124
e00516	Concept	对这些兜底规定的含义范围不能随意扩大	5	s0125
e00517	Concept	而应先	5	s0125
e00518	Concept	总结所列举的例子的共同特征	5	s0125
e00519	Concept	然后用该共同特征来解释兜底规定的含义	5	s0125
e00520	Concept	年第	5	s0125
e00521	Concept	例如	5	s0126
e00522	Concept	抢动罪规定的行为方式是	5	s0126
e00523	Concept	暴力	5	s0126
e00524	Concept	胁人迫或者其他方法	5	s0126
e00525	Concept	这里的	5	s0127
e00526	Concept	暴力	5	s0127
e00527	Concept	是指压制被害人反抗的方法	5	s0127
e00528	Concept	因此	5	s0128
e00529	Concept	这里的	5	s0128
e00530	Concept	其他方法	5	s0128
e00531	Concept	是指其他的压制被害人反	5	s0128
e00532	Concept	抗的方法	5	s0128
e00533	Concept	如将被害人灌醉弄锚	5	s0128
e00534	Concept	而非泛指其他一切方法	5	s0128
e00535	Concept	当然解释	5	s0129
e00536	Concept	这是指在论证无罪时	5	s0129
e00537	Concept	举重以明轻	5	s0129
e00538	Concept	重的行为都无罪	5	s0129
e00539	Concept	轻的行为当然更应无罪	5	s0129
e00540	Concept	在论证有罪时	5	s0129
e00541	Concept	举轻以明重	5	s0129
e00542	Concept	轻的行为都是犯罪	5	s0129
e00543	Concept	重的行为当然更应是犯罪	5	s0129
e00544	Concept	角如	5	s0130
e00545	Concept	司法解杰规定	5	s0130
e00546	Concept	年内盗宅	5	s0130
e00547	Concept	次的	5	s0130
e00548	Concept	属于多次盗穷	5	s0130
e00549	Concept	构成盗窃罪	5	s0130
e00550	Concept	那么	5	s0131
e00551	Concept	年内盗窃	5	s0131
e00552	Concept	当然构成盗轨罪	5	s0131
e00553	Concept	这就是当然解释的结论	5	s0132
e00554	Concept	注意	5	s0133
e00555	Concept	当然解释所比较的两个事项必须是性质相同	5	s0133
e00556	Concept	程度不同的关系	5	s0133
e00557	Concept	如果性质不	5	s0134
e00558	Concept	不能进行当然解释的推理	5	s0134
e00559	Concept	可以主张	5	s0135
e00560	Concept	强制猥变都是犯罪	5	s0135
e00561	Concept	强奸更应是犯罪	5	s0135
e00562	Concept	但不能主张	5	s0135
e00563	Concept	强制猥变都	5	s0135
e00564	Concept	是犯罪	5	s0135
e00565	Concept	抢动更应是犯罪	5	s0135
e00566	Concept	年第	5	s0136
e00567	Concept	既然将为了自己饲养而抢友他人宠物的行为认定为抢劫罪	5	s0136
e00568	Concept	那么	5	s0136
e00569	Concept	根据当然解释	5	s0136
e00570	Concept	对为了自己收养而抢劫他人机儿的行为更应认定为抢劫罪	5	s0136
e00571	Concept	否则会	5	s0136
e00572	Concept	导致罪刑不均衡	5	s0136
e00573	Concept	该说法是否正确	5	s0137
e00574	Concept	答案	5	s0138
e00575	Concept	错误	5	s0138
e00576	Concept	有观点可能会如此比较	5	s0139
e00577	Concept	也符合朴素	5	s0139
e00578	Concept	的正义感	5	s0139
e00579	Concept	但是	5	s0140
e00580	Concept	从刑法解释学角度看	5	s0140
e00581	Concept	宠物与婴儿是性质不同的两个概念	5	s0140
e00582	Concept	体现不同的	5	s0140
e00583	Concept	法益	5	s0140
e00584	Concept	不能进行轻重比较	5	s0140
e00585	Concept	不能进行当然解释	5	s0140
e00586	Concept	例如	5	s0141
e00587	Concept	有观点将非法买卖国家保护动物	5	s0141
e00588	Concept	大熊猫	5	s0141
e00589	Concept	金丝猴	5	s0141
e00590	Concept	与买卖妇女	5	s0141
e00591	Concept	儿童进行比较	5	s0141
e00592	Concept	认为对后者应该处罚更重一些	5	s0141
e00593	Concept	但是	5	s0142
e00594	Concept	这两种概念属于性质不同的概念	5	s0142
e00595	Concept	无法进行当然解杰	5	s0142
e00596	Concept	刑法	5	s0143
e00597	Concept	条规定了抢夺	5	s0143
e00598	Concept	宅取国有档案罪	5	s0143
e00599	Concept	但没有规定抢劫国有档案罪	5	s0143
e00600	Concept	然而	5	s0144
e00601	Concept	抢夺都是犯罪	5	s0144
e00602	Concept	抢动更应是犯罪	5	s0144
e00603	Concept	抢动行为可以评价为抢夺行为	5	s0145
e00604	Concept	所以	5	s0146
e00605	Concept	抢动国有	5	s0146
e00606	Concept	档案的行为可以按照抢夺国有档案罪论处	5	s0146
e00607	Concept	年试题	5	s0147
e00608	Concept	目的解释	5	s0147
e00609	Concept	这是指根据刑法的保护目的为解释的结论提供理由	5	s0147
e00610	Concept	例如	5	s0148
e00611	Concept	乙为官清廉但不被提拔	5	s0148
e00612	Concept	心生一计	5	s0148
e00613	Concept	教唆甲诬告自己贪污	5	s0148
e00614	Concept	甲便诬告乙犯贪污	5	s0148
e00615	Concept	司法机关经过一番调查	5	s0149
e00616	Concept	发现乙没有贪污事实	5	s0149
e00617	Concept	甲是否构成诬告陷害罪	5	s0150
e00618	Concept	对此需要奸	5	s0151
e00619	Concept	刑法	6	s0152
e00620	Concept	专题讲座精讲卷	6	s0152
e00621	Concept	该罪的保护目的加以认定	6	s0152
e00622	Concept	少数说认为	6	s0153
e00623	Concept	该罪的保护目的是司法机关的正常司法活动	6	s0153
e00624	Concept	甲破坏了司法机关的正常司法活动	6	s0154
e00625	Concept	浪费了司法资源	6	s0154
e00626	Concept	构成该罪	6	s0154
e00627	Concept	多数说认为	6	s0155
e00628	Concept	该罪被	6	s0155
e00629	Concept	规定在人身犯罪一章	6	s0155
e00630	Concept	保护目的是人身权利	6	s0155
e00631	Concept	乙同意甲诬告自己	6	s0156
e00632	Concept	表明乙放弃了对自己人身	6	s0156
e00633	Concept	权利的保护	6	s0156
e00634	Concept	那么刑法便不需要保护乙的人身权利	6	s0156
e00635	Concept	所以	6	s0157
e00636	Concept	甲不构成诬告陷害罪	6	s0157
e00637	Concept	注意	6	s0158
e00638	Concept	观点展示问题	6	s0158
e00639	Concept	本书主张客观题与主观题一体化复习	6	s0158
e00640	Concept	刑法主观题经常考查观点展示	6	s0159
e00641	Concept	这是因为	6	s0160
e00642	Concept	法学不是自然科学	6	s0160
e00643	Concept	许多情况下没有唯一正确答案	6	s0160
e00644	Concept	存在多种观点	6	s0160
e00645	Concept	法考的任务是咕选和	6	s0161
e00646	Concept	培养实务人士	6	s0161
e00647	Concept	实务人士比的是谁的理由更充分	6	s0162
e00648	Concept	更有说服力	6	s0162
e00649	Concept	实务人士的看家技能是说	6	s0163
e00650	Concept	理论证	6	s0163
e00651	Concept	对于不同观点	6	s0165
e00652	Concept	形成多数说与少数说的	6	s0165
e00653	Concept	本书一一标明哪个是多数说	6	s0165
e00654	Concept	哪个是少	6	s0165
e00655	Concept	数说	6	s0165
e00656	Concept	标出来的用途在于	6	s0166
e00657	Concept	如果问唯一正确答案	6	s0166
e00658	Concept	则按照多数说作答	6	s0166
e00659	Concept	有些不同观点	6	s0168
e00660	Concept	没有形成多数说与少数说	6	s0168
e00661	Concept	是平分秋色	6	s0168
e00662	Concept	对此不会考	6	s0168
e00663	Concept	唯一正确	6	s0168
e00664	Concept	答案是什么	6	s0168
e00665	Concept	但会考	6	s0168
e00666	Concept	前提与结论之间的逻辑推导是否目洽	6	s0168
e00667	Concept	观点展示是指命题组的观点展示	6	s0170
e00668	Concept	不是某个命题组成员个人的观点展示	6	s0170
e00669	Concept	当然	6	s0171
e00670	Concept	学术地位影啊话场权权重	6	s0171
e00671	Concept	法考真题素材更多来自实务案例	6	s0173
e00672	Concept	但是答案不一定与判决结论保持一致	6	s0173
e00673	Concept	因为有	6	s0173
e00674	Concept	些判决结论是不妥当的	6	s0173
e00675	Concept	是老百姓不满意的	6	s0173
e00676	Concept	法考要发挥纠偶批判功能	6	s0173
e00677	Concept	观点展示有两种	6	s0175
e00678	Concept	一是学术型观点展示	6	s0175
e00679	Concept	这个数量较少	6	s0175
e00680	Concept	可以背下来	6	s0175
e00681	Concept	二是实务	6	s0176
e00682	Concept	型观点展示	6	s0176
e00683	Concept	也即法庭上控辩双方总是持不同观点	6	s0176
e00684	Concept	这种观点展示数量众多	6	s0176
e00685	Concept	没法背下	6	s0176
e00686	Concept	也不需要背下来	6	s0176
e00687	Concept	主要是掌握一种逻辑思维和论证方法	6	s0176
e00688	Concept	法考对两种观点展示都考	6	s0177
e00689	Concept	对实务型观点展示考查得很多	6	s0177
e00690	Concept	解释技巧与解释理由的关系	6	s0178
e00691	Concept	二者区别	6	s0178
e00692	Concept	解释技巧是生产结论	6	s0179
e00693	Concept	生产部门	6	s0179
e00694	Concept	生产绪论的生产线只能选择一条	6	s0180
e00695	Concept	如果对一个	6	s0180
e00696	Concept	词语进行扩大解释	6	s0180
e00697	Concept	就不能同时进行缩小解释	6	s0180
e00698	Concept	限制解释	6	s0180
e00699	Concept	解释技巧之间的关系是排斥	6	s0181
e00700	Concept	关系	6	s0181
e00701	Concept	解释理由是论证结论的合理性	6	s0183
e00702	Concept	质检部门	6	s0183
e00703	Concept	为结论提供论证理由	6	s0184
e00704	Concept	理由越多越	6	s0184
e00705	Concept	解释理由之间的关系是并存关系	6	s0185
e00706	Concept	将组织卖淫罪中的	6	s0186
e00707	Concept	组织他人卖淫	6	s0186
e00708	Concept	解杰为包括男性向女性卖淫	6	s0186
e00709	Concept	这是生产结	6	s0187
e00710	Concept	属于扩大解释	6	s0187
e00711	Concept	此时就不可能是缩小解释	6	s0187
e00712	Concept	为该结论提供的理由可以多种多样	6	s0188
e00713	Concept	例如	6	s0188
e00714	Concept	文理解释	6	s0188
e00715	Concept	体系解释	6	s0188
e00716	Concept	目的解释等	6	s0188
e00717	Concept	年第	6	s0189
e00718	Concept	对甲法条中的	6	s0189
e00719	Concept	暴力	6	s0189
e00720	Concept	作扩大解释时	6	s0189
e00721	Concept	就不可能同时再作	6	s0189
e00722	Concept	限制解释	6	s0189
e00723	Concept	但这并不意味着对乙法条中的	6	s0189
e00724	Concept	暴力	6	s0189
e00725	Concept	也须作扩大解释	6	s0189
e00726	Concept	该说法是否正确	6	s0190
e00727	Concept	答案	6	s0191
e00728	Concept	正确	6	s0191
e00729	Concept	第一	6	s0192
e00730	Concept	扩大解释与限制解释	6	s0192
e00731	Concept	缩小解释	6	s0192
e00732	Concept	是排斥关系	6	s0192
e00733	Concept	第二	6	s0193
e00734	Concept	从体系角度	6	s0193
e00735	Concept	一个词语在不同条文可以保持不同含义	6	s0193
e00736	Concept	也即一词多义	6	s0193
e00737	Concept	第一讲	7	s0195
e00738	Concept	刑法论	7	s0195
e00739	Concept	二者关系	7	s0195
e00740	Concept	解释技巧和解释理由之间是相辅相成	7	s0195
e00741	Concept	相互制约关系	7	s0195
e00742	Concept	前者负责生产结论	7	s0196
e00743	Concept	后者负责	7	s0196
e00744	Concept	论证绪论的合理性	7	s0196
e00745	Concept	通过解释技巧生产出结论	7	s0197
e00746	Concept	但论证理由不充分	7	s0197
e00747	Concept	例如	7	s0197
e00748	Concept	不符合目的解	7	s0197
e00749	Concept	释或体系解释等	7	s0197
e00750	Concept	则不得采纳	7	s0197
e00751	Concept	反过来	7	s0198
e00752	Concept	根据解释理由论证某个结论很合理	7	s0198
e00753	Concept	但是生产该	7	s0198
e00754	Concept	结论的手段是类推解释	7	s0198
e00755	Concept	则不得采纳	7	s0198
e00756	Concept	年第	7	s0199
e00757	Concept	对刑法分则条文的解释	7	s0199
e00758	Concept	必须同时符合两个要求	7	s0199
e00759	Concept	一是不	7	s0199
e00760	Concept	能超出刑法用语可能具有的含义	7	s0199
e00761	Concept	二是必须符合分则条文的目的	7	s0199
e00762	Concept	该说法是否正确	7	s0199
e00763	Concept	正确	7	s0200
e00764	Concept	第一句话是指	7	s0201
e00765	Concept	在解释技巧上	7	s0201
e00766	Concept	不能类推解释	7	s0201
e00767	Concept	第二名话是指	7	s0202
e00768	Concept	在解释理由	7	s0202
e00769	Concept	要符合目的解释	7	s0202
e00770	Concept	二者相辅相成	7	s0203
e00771	Concept	年试题	7	s0204
e00772	Concept	一个解释结论符合当然解释	7	s0204
e00773	Concept	但不符合刑法文字的可能含义	7	s0204
e00774	Concept	该结论符合罪刑法定原则	7	s0204
e00775	Concept	该说法是否正确	7	s0205
e00776	Concept	答案	7	s0206
e00777	Concept	错误	7	s0206
e00778	Concept	一个结论虽然符合当然解释	7	s0207
e00779	Concept	但是在解杰技巧上属于类推解释	7	s0207
e00780	Concept	不得采纳	7	s0207
e00781	Concept	和否则违反罪刑法定原则	7	s0207
e00782	Concept	例如	7	s0208
e00783	Concept	刑法将	7	s0208
e00784	Concept	充军警人员抢却	7	s0208
e00785	Concept	规定为抢劫罪的法定刑升格条件	7	s0208
e00786	Concept	加重处罚	7	s0208
e00787	Concept	根据当然解释	7	s0209
e00788	Concept	真警察实	7	s0209
e00789	Concept	施抢劫	7	s0209
e00790	Concept	更应被加重处罚	7	s0209
e00791	Concept	但是	7	s0210
e00792	Concept	该结论难以从	7	s0210
e00793	Concept	冒充军警人员抢劫	7	s0210
e00794	Concept	中生产出来	7	s0210
e00795	Concept	若将	7	s0211
e00796	Concept	冒充军警人员抢劫	7	s0211
e00797	Concept	解释为包括真警察抢劫	7	s0211
e00798	Concept	应属于类推解释	7	s0211
e00799	Concept	多数说	7	s0211
e00800	Concept	故这种解名	7	s0211
e00801	Concept	结论无法被采纳	7	s0211
e00802	Concept	典型真题	7	s0212
e00803	Concept	关于刑法的解释	7	s0213
e00804	Concept	下列说法正确的是	7	s0213
e00805	Concept	年回忆版金题	7	s0214
e00806	Concept	按照体系解释	7	s0215
e00807	Concept	传播淫秽物品罪与传播性病罪的	7	s0215
e00808	Concept	传播	7	s0215
e00809	Concept	含义一致	7	s0215
e00810	Concept	依据论理解释	7	s0216
e00811	Concept	倒卖文物罪中的	7	s0216
e00812	Concept	倒卖	7	s0216
e00813	Concept	是指以年利为目的	7	s0216
e00814	Concept	出售或为出售而	7	s0216
e00815	Concept	购买国家禁止经营的文物	7	s0216
e00816	Concept	洒所全	7	s0216
e00817	Concept	招摇撞骗罪是指冒充国家机关工作人员招摇撞骗	7	s0217
e00818	Concept	将副乡长冒充市长招据撞骗	7	s0218
e00819	Concept	解释为	7	s0218
e00820	Concept	冒充	7	s0218
e00821	Concept	国家机关工作人员招摇撞骗	7	s0218
e00822	Concept	不符合文理解释	7	s0218
e00823	Concept	虞待被监管人罪是指殴打或体罚虐待被监管人	7	s0219
e00824	Concept	将其中的	7	s0220
e00825	Concept	体罚虐待	7	s0220
e00826	Concept	解释为	7	s0220
e00827	Concept	体罚或者诬待	7	s0220
e00828	Concept	符合文理解释	7	s0220
e00829	Concept	提示	7	s0220
e00830	Concept	文理解释与论理解释的关系	7	s0220
e00831	Concept	法理学的传统理论认为	7	s0221
e00832	Concept	解释方法分为	7	s0221
e00833	Concept	文理解释	7	s0221
e00834	Concept	论理解释	7	s0221
e00835	Concept	将二者并列	7	s0221
e00836	Concept	认为二者是对立排斥关系	7	s0221
e00837	Concept	刑法新理论认为	7	s0222
e00838	Concept	文理解释	7	s0222
e00839	Concept	论理解释	7	s0222
e00840	Concept	不是对立排斥关系	7	s0222
e00841	Concept	而是交	7	s0222
e00842	Concept	叉重合关系	7	s0222
e00843	Concept	论理解释	7	s0223
e00844	Concept	是一个笼统概念	7	s0223
e00845	Concept	既包含解释理由	7	s0223
e00846	Concept	如当然解释	7	s0223
e00847	Concept	体系解释等	7	s0223
e00848	Concept	也包含解释技巧	7	s0223
e00849	Concept	如扩大	7	s0223
e00850	Concept	解释	7	s0223
e00851	Concept	缩小解释	7	s0223
e00852	Concept	而文理解释是一种解释理由	7	s0223
e00853	Concept	由于解释理由与解释技巧是相辅相成关系	7	s0224
e00854	Concept	因此文理解释与论理解释	7	s0224
e00855	Concept	不是对立关系	7	s0224
e00856	Concept	对一个刑法用语	7	s0225
e00857	Concept	既可以作文理解释	7	s0225
e00858	Concept	也可以作论理解释	7	s0225
e00859	Concept	这种新理论的立场是法考刑法的官方立场	7	s0226
e00860	Concept	有真题为证	7	s0227
e00861	Concept	年第	7	s0227
e00862	Concept	此外	7	s0228
e00863	Concept	学术界关于刑法的解释	7	s0228
e00864	Concept	还有客观解释与主观解释之争	7	s0228
e00865	Concept	形式解释与实质解释之争	7	s0228
e00866	Concept	由于法考不考这些概	7	s0229
e00867	Concept	所以本书不予介绍	7	s0229
e00868	Concept	本书选取的真题是代表命题方向的真题	7	s0230
e00869	Concept	主要用于考生在学习完精讲内容后及时进行检验	7	s0230
e00870	Concept	所以在理解答案	7	s0230
e00871	Concept	时可以结合前文的精讲内容	7	s0230
e00872	Concept	更详细的答案解析可以参见与本书配套的	7	s0231
e00873	Concept	真金题卷	7	s0231
e00874	Concept	答案	7	s0232
e00875	Concept	传播淫秽物品罪的	7	s0232
e00876	Concept	传播	7	s0232
e00877	Concept	是指让不特定人知晓淫秽物品的内容	7	s0232
e00878	Concept	传播性病罪中的	7	s0233
e00879	Concept	传播	7	s0233
e00880	Concept	是指通过性器官接触传染性病	7	s0233
e00881	Concept	二者含义不同	7	s0234
e00882	Concept	项说法错误	7	s0235
e00883	Concept	根据司法解释规定	7	s0236
e00884	Concept	项说法正确	7	s0236
e00885	Concept	冒充	7	s0237
e00886	Concept	国家机关工作人员的情形包括	7	s0237
e00887	Concept	一是非国家机关工作人员冒充国家机关工作人员	7	s0237
e00888	Concept	二是此种国家机关工作人员冒充彼	7	s0237
e00889	Concept	种国家机关工作人员	7	s0237
e00890	Concept	如行政机关工作人员冒充司法机关工作人员	7	s0237
e00891	Concept	三是职务低的国家机关工作人员冒充职务高的国	7	s0237
e00892	Concept	家机关工作人员	7	s0237
e00893	Concept	当然也包括相反情形	7	s0237
e00894	Concept	项说法错误	7	s0238
e00895	Concept	虐待被监管人罪中的	7	s0239
e00896	Concept	体罚虐待	7	s0239
e00897	Concept	是指体罚或者虎	7	s0239
e00898	Concept	而非仅限于体罚式虐待	7	s0239
e00899	Concept	项说法正确	7	s0240
e00900	Concept	本题答案	7	s0241
e00901	Concept	刑法专题讲座精讲卷	8	s0242
e00902	Concept	第二蔬	8	s0242
e00903	Concept	刑法的原则	8	s0242
e00904	Concept	问题	8	s0242
e00905	Concept	在拍卖会上	8	s0242
e00906	Concept	狗蛋组织多人串通拍卖	8	s0242
e00907	Concept	我国刑法没有规定串通拍卖罪	8	s0243
e00908	Concept	但规	8	s0243
e00909	Concept	定有串通投标罪	8	s0243
e00910	Concept	能否给狗蛋定串通投标罪	8	s0244
e00911	Concept	串通拍卖案	8	s0245
e00912	Concept	年试题	8	s0245
e00913	Concept	刑法的原则包括三项	8	s0245
e00914	Concept	罪刑法定原则	8	s0245
e00915	Concept	罪刑相适应原则	8	s0245
e00916	Concept	刑法面前人人平等原则	8	s0245
e00917	Concept	考很少考查第三项原则	8	s0246
e00918	Concept	故省略	8	s0246
e00919	Concept	罪刑法定原则	8	s0247
e00920	Concept	法律明文规定为犯罪行为的	8	s0247
e00921	Concept	依照法律定罪处刑	8	s0247
e00922	Concept	法律没有明文规定为犯	8	s0247
e00923	Concept	罪行为的	8	s0247
e00924	Concept	不得定菲处刑	8	s0247
e00925	Concept	罪刑法定原则的含义是	8	s0248
e00926	Concept	法无明文规定不为罪	8	s0248
e00927	Concept	法无明文规定不处罚	8	s0248
e00928	Concept	这是刑法的铁则	8	s0249
e00929	Concept	注意	8	s0250
e00930	Concept	上述第	8	s0250
e00931	Concept	条第一句话并不是关于罪刑法定原则的规定	8	s0250
e00932	Concept	其旨意是防止司法人	8	s0250
e00933	Concept	员将有罪行为作无罪处理	8	s0250
e00934	Concept	是在强调法益保护机能	8	s0250
e00935	Concept	第二句话才是关于罪刑法定原则的规	8	s0251
e00936	Concept	是在强调人权保障机能	8	s0251
e00937	Concept	在保护法益与保障人权这个天平上	8	s0252
e00938	Concept	罪刑法定原则是用来保	8	s0252
e00939	Concept	障人权的	8	s0252
e00940	Concept	而非保护法益	8	s0252
e00941	Concept	思想基础	8	s0253
e00942	Concept	民主主义	8	s0254
e00943	Concept	意指只有民主产生的立法机关才有权规定犯罪与刑罚	8	s0254
e00944	Concept	自由主义	8	s0256
e00945	Concept	也称为尊重人权主义	8	s0256
e00946	Concept	意指法律应当具有预测可能性	8	s0256
e00947	Concept	使国民知晓什么是	8	s0256
e00948	Concept	犯罪	8	s0256
e00949	Concept	什么不是犯罪	8	s0256
e00950	Concept	以保障个人的行动自由	8	s0256
e00951	Concept	这种思想也称为国民预测可能性原理	8	s0257
e00952	Concept	基本内容	8	s0258
e00953	Concept	成文的罪刑法定	8	s0259
e00954	Concept	法律主义	8	s0259
e00955	Concept	这是指只有立法机关制定的法律才有权规定犯罪和刑罚	8	s0260
e00956	Concept	行政机关制	8	s0260
e00957	Concept	定的法规等无权规定犯罪和刑罚	8	s0260
e00958	Concept	即罪刑法定中的	8	s0260
e00959	Concept	不包括行政法规等	8	s0260
e00960	Concept	也即国务院	8	s0260
e00961	Concept	无权制定刑法	8	s0260
e00962	Concept	最高人民法院	8	s0261
e00963	Concept	最高人民检察院也无权制定刑法	8	s0261
e00964	Concept	只能解释刑法	8	s0261
e00965	Concept	法律主	8	s0262
e00966	Concept	义是民主主义的体现	8	s0262
e00967	Concept	年第	8	s0263
e00968	Concept	禁止习惯法	8	s0263
e00969	Concept	虽然习惯法体现民意	8	s0264
e00970	Concept	但因为不成文	8	s0264
e00971	Concept	缺乏明确性	8	s0264
e00972	Concept	违反了预测可	8	s0264
e00973	Concept	能性原理	8	s0264
e00974	Concept	所以应当被禁止	8	s0264
e00975	Concept	年第	8	s0265
e00976	Concept	事前的罪刑法定	8	s0266
e00977	Concept	这是指禁止淹及既往	8	s0266
e00978	Concept	或禁止事后法	8	s0266
e00979	Concept	刑法如果淹及既往	8	s0267
e00980	Concept	便违反了预测可能性原	8	s0267
e00981	Concept	例如	8	s0268
e00982	Concept	我今天干件事	8	s0268
e00983	Concept	按照今天的法律	8	s0268
e00984	Concept	我无罪	8	s0268
e00985	Concept	但明天出台新的法律	8	s0268
e00986	Concept	规定这种行	8	s0268
e00987	Concept	为构成犯罪	8	s0268
e00988	Concept	然后依照这个事后的法律给我定罪	8	s0268
e00989	Concept	这肯定不合理	8	s0268
e00990	Concept	注意	8	s0269
e00991	Concept	刑法不禁止有利于被告人的渊及既往	8	s0269
e00992	Concept	也即	8	s0270
e00993	Concept	事后的这个法律如果对被告人	8	s0270
e00994	Concept	有利	8	s0270
e00995	Concept	也可以适用	8	s0270
e00996	Concept	如果无特别提示	8	s0272
e00997	Concept	本书所列	8	s0272
e00998	Concept	均是指刑法的条文	8	s0272
e00999	Concept	均用阿拉伯数字表示	8	s0272
e01000	Concept	对于司法解释的条文	8	s0273
e01001	Concept	也是法考的立场	8	s0273
e01002	Concept	参见张明楷	8	s0274
e01003	Concept	刑法学	8	s0274
e01004	Concept	第六版	8	s0274
e01005	Concept	法律出版社	8	s0274
e01006	Concept	年版	8	s0274
e01007	Concept	第一讲	9	s0276
e01008	Concept	刑法论	9	s0276
e01009	Concept	严格的徘刑法定	9	s0277
e01010	Concept	这是指禁止类推解释	9	s0277
e01011	Concept	类推解释因为既违反了民主主义	9	s0278
e01012	Concept	又违反了预测可能性原理	9	s0278
e01013	Concept	所以应当被禁止	9	s0278
e01014	Concept	鲍如	9	s0279
e01015	Concept	本节开头	9	s0279
e01016	Concept	串通拍卖案	9	s0279
e01017	Concept	将拍卖解释为投标	9	s0279
e01018	Concept	属于类推解	9	s0279
e01019	Concept	应当被禁止	9	s0279
e01020	Concept	因此对狗蛋不能定串通投标罪	9	s0279
e01021	Concept	注意	9	s0280
e01022	Concept	刑法不禁止有利于被告人的类推解释	9	s0280
e01023	Concept	年试题	9	s0281
e01024	Concept	确定的罪刑法定	9	s0282
e01025	Concept	这是指罪刑规范应当明确	9	s0282
e01026	Concept	适当	9	s0282
e01027	Concept	明确性要求	9	s0283
e01028	Concept	注意	9	s0283
e01029	Concept	简单罪状不违反明确性要求	9	s0283
e01030	Concept	简单罪状	9	s0284
e01031	Concept	是指仅规定了罪名	9	s0284
e01032	Concept	没有具体描述	9	s0284
e01033	Concept	犯罪特征	9	s0284
e01034	Concept	例如	9	s0285
e01035	Concept	刑法	9	s0285
e01036	Concept	条只规定	9	s0285
e01037	Concept	故意杀人的	9	s0285
e01038	Concept	没有详细规定故意杀人罪的	9	s0285
e01039	Concept	定义	9	s0285
e01040	Concept	之所以没有详细描述	9	s0286
e01041	Concept	是因为没有必要	9	s0286
e01042	Concept	一般人都知道什么是故意杀人	9	s0286
e01043	Concept	禁止绝对不定刑及绝对不定期刑	9	s0288
e01044	Concept	绝对不定刑	9	s0288
e01045	Concept	是指刑法条文只规定	9	s0288
e01046	Concept	判处刑罚	9	s0288
e01047	Concept	不规定刑罚的种类	9	s0288
e01048	Concept	对不定期刑	9	s0288
e01049	Concept	是指刑法条文只规定	9	s0288
e01050	Concept	判处有期徒刑	9	s0288
e01051	Concept	不规定具体刑期	9	s0288
e01052	Concept	因为	9	s0289
e01053	Concept	绝对不定刑和绝对不定期刑都违反了预测可能性原理	9	s0289
e01054	Concept	应当被禁止	9	s0289
e01055	Concept	因此	9	s0290
e01056	Concept	没有犯罪就没	9	s0290
e01057	Concept	有刑罚	9	s0290
e01058	Concept	反过来	9	s0291
e01059	Concept	没有明确的刑罚就没有犯罪	9	s0291
e01060	Concept	人禁止处昼不当罚的行为	9	s0292
e01061	Concept	这是刑法谦抑性	9	s0292
e01062	Concept	补充性的要求	9	s0292
e01063	Concept	由于刑罚是最严厉的制裁措施	9	s0293
e01064	Concept	只有在其他法律已	9	s0293
e01065	Concept	经无济于事	9	s0293
e01066	Concept	无法规制的情况下	9	s0293
e01067	Concept	才可以适用刑法	9	s0293
e01068	Concept	刑法的启动应当保持谦卑姿态	9	s0293
e01069	Concept	刑法	9	s0294
e01070	Concept	是其他法律的补充法	9	s0294
e01071	Concept	保障法	9	s0294
e01072	Concept	注意	9	s0295
e01073	Concept	民法	9	s0295
e01074	Concept	及行政法	9	s0295
e01075	Concept	与刑法的关系	9	s0295
e01076	Concept	二者不是对立排斥	9	s0296
e01077	Concept	非此即彼的关系	9	s0296
e01078	Concept	而是低位阶与高位阶的关系	9	s0296
e01079	Concept	也即	9	s0297
e01080	Concept	不是	9	s0297
e01081	Concept	的关系	9	s0297
e01082	Concept	而是	9	s0297
e01083	Concept	的关系	9	s0297
e01084	Concept	不能因为一个行为符合民法上的要件	9	s0298
e01085	Concept	就以此认定	9	s0298
e01086	Concept	该行为不构成犯罪	9	s0298
e01087	Concept	例如	9	s0299
e01088	Concept	甲将乙打成轻微伤	9	s0299
e01089	Concept	只是民法上的侵权行为	9	s0299
e01090	Concept	打成轻伤或重伤	9	s0299
e01091	Concept	既是民法上的	9	s0299
e01092	Concept	侵权行为	9	s0299
e01093	Concept	又是刑法上的故意伤害行为	9	s0299
e01094	Concept	此时定故意伤害罪	9	s0299
e01095	Concept	然后附带民事诉讼	9	s0299
e01096	Concept	这是因	9	s0300
e01097	Concept	为高位阶法优于低位阶法	9	s0300
e01098	Concept	实务中常犯的错误	9	s0301
e01099	Concept	例如	9	s0301
e01100	Concept	对于	9	s0301
e01101	Concept	许霆案	9	s0301
e01102	Concept	利用	9	s0301
e01103	Concept	机出错非法占有银行资金	9	s0301
e01104	Concept	有人认为许霆无罪	9	s0301
e01105	Concept	无罪的理由是许霆的行为属于民法上的不当得利	9	s0301
e01106	Concept	又如	9	s0302
e01107	Concept	某省高级法	9	s0302
e01108	Concept	院曾颁布指导意见	9	s0302
e01109	Concept	秘事司机不逃逸	9	s0302
e01110	Concept	救助被害人	9	s0302
e01111	Concept	保护现场	9	s0302
e01112	Concept	属于履行行政法上的义	9	s0302
e01113	Concept	不能认定为自首	9	s0302
e01114	Concept	若逃狗后又自动投案	9	s0302
e01115	Concept	则可认定为自首	9	s0302
e01116	Concept	这种错误意见的根源在于	9	s0303
e01117	Concept	将行政法与刑法对立排乒起来	9	s0303
e01118	Concept	禁止不均衡	9	s0304
e01119	Concept	残虐的刑罚	9	s0304
e01120	Concept	禁止不均衡的刑罚	9	s0304
e01121	Concept	是指刑罚应与罪行相适应	9	s0304
e01122	Concept	重罪重判	9	s0304
e01123	Concept	轻罪轻判	9	s0304
e01124	Concept	这表明广义的	9	s0305
e01125	Concept	罪刑法定原则可以包含罪刑相适应原则	9	s0305
e01126	Concept	禁止残虐的刑罚是人道主义的要求	9	s0306
e01127	Concept	这个位阶关系	9	s0307
e01128	Concept	是从适用顺序而言	9	s0307
e01129	Concept	而非指效力等级	9	s0307
e01130	Concept	二者效力等级是相同的	9	s0308
e01131	Concept	都是全国人大制定的基本	9	s0308
e01132	Concept	法律	9	s0308
e01133	Concept	刑法	10	s0309
e01134	Concept	专题讲座精讲卷	10	s0309
e01135	Concept	罪刑相适应原则	10	s0309
e01136	Concept	刑罚的轻重	10	s0309
e01137	Concept	应当与犯罪分子所犯罪行和承担的刑事责任相适应	10	s0309
e01138	Concept	客观危害性	10	s0310
e01139	Concept	主观恶性	10	s0310
e01140	Concept	预防刑	10	s0310
e01141	Concept	针对未然事实一人身危险性	10	s0310
e01142	Concept	再犯可能性	10	s0310
e01143	Concept	例如	10	s0310
e01144	Concept	对自首之所以从宽处罚	10	s0310
e01145	Concept	是因为人身危险性降低了	10	s0310
e01146	Concept	入户抢翅	10	s0311
e01147	Concept	之所以适	10	s0311
e01148	Concept	用更重的法定刑	10	s0311
e01149	Concept	是因为比普通抢劫罪多了一项法益侵害	10	s0311
e01150	Concept	非法侵入住宅	10	s0311
e01151	Concept	在考察不同犯罪人的人身危险性时	10	s0312
e01152	Concept	不能	10	s0312
e01153	Concept	一刀切	10	s0312
e01154	Concept	应当具体地	10	s0312
e01155	Concept	个别化地判断	10	s0312
e01156	Concept	在追求一般正义的同时注意实现个别正义	10	s0312
e01157	Concept	这便是刑罚个别化的理念	10	s0313
e01158	Concept	年第	10	s0313
e01159	Concept	例如	10	s0314
e01160	Concept	甲乙都盗窃他人财物	10	s0314
e01161	Concept	甲是为了赌博	10	s0314
e01162	Concept	乙是为了给母亲治病	10	s0314
e01163	Concept	二人的人身危险性有	10	s0315
e01164	Concept	所不同	10	s0315
e01165	Concept	所处刑罚应有所区别	10	s0315
e01166	Concept	关于社会主义法治理念与罪刑法定原则的关系有以下观点	10	s0316
e01167	Concept	全罪刑法定的思想基础是民主主义与尊重人权主义	10	s0316
e01168	Concept	具备社会主义法治理念的本质	10	s0316
e01169	Concept	属性	10	s0316
e01170	Concept	罪刑法定既约束司法者	10	s0316
e01171	Concept	也约束立法者	10	s0316
e01172	Concept	符合依法治国理念的基本要求	10	s0316
e01173	Concept	归罪刑法定的核心是限制国家机关权力	10	s0316
e01174	Concept	保障国民目由	10	s0316
e01175	Concept	与执法为民的理念相一臻	10	s0316
e01176	Concept	全罪刑法定是依法治国理念在刑法领域的具体表现	10	s0316
e01177	Concept	关于上述观点的正误	10	s0316
e01178	Concept	下列哪一选项是正确的	10	s0316
e01179	Concept	卷二	10	s0318
e01180	Concept	第山名正确	10	s0320
e01181	Concept	旨名错误	10	s0320
e01182	Concept	名正确	10	s0321
e01183	Concept	句错误	10	s0321
e01184	Concept	名正确	10	s0322
e01185	Concept	第图句错误	10	s0322
e01186	Concept	约句均正确	10	s0323
e01187	Concept	第三帮	10	s0323
e01188	Concept	刑法的效力	10	s0323
e01189	Concept	问题	10	s0323
e01190	Concept	朝鲜公民金正男	10	s0323
e01191	Concept	领导人金正恩的哥哥	10	s0323
e01192	Concept	在马来西亚被越南籍女杀手杀死	10	s0323
e01193	Concept	哪些国家的刑法可以管辖本案	10	s0324
e01194	Concept	金正男案	10	s0325
e01195	Concept	刑法的空间效力	10	s0325
e01196	Concept	在中国境内犯罪	10	s0325
e01197	Concept	属地管辖原则	10	s0325
e01198	Concept	凡在中华人民共和国领域内犯罪的	10	s0325
e01199	Concept	除法律有特别规定的以外	10	s0325
e01200	Concept	都适用本法	10	s0325
e01201	Concept	凡在中华人民共和国船舶或者航空器内犯罪的	10	s0326
e01202	Concept	也适用本法	10	s0326
e01203	Concept	犯罪的行为或者结果有一项发生在中华人民共和国领域内的	10	s0327
e01204	Concept	就认为是在中华人民共	10	s0327
e01205	Concept	答案	10	s0327
e01206	Concept	第一讲	11	s0329
e01207	Concept	刑法论	11	s0329
e01208	Concept	和国领域内犯罪	11	s0329
e01209	Concept	我国领域	11	s0331
e01210	Concept	包括领土	11	s0331
e01211	Concept	领水	11	s0331
e01212	Concept	领空出	11	s0331
e01213	Concept	旗国主义	11	s0331
e01214	Concept	悬挂我国国旗的航空器与船舶	11	s0332
e01215	Concept	不论停放何处	11	s0332
e01216	Concept	都属于我国领域	11	s0332
e01217	Concept	是旗国主义的体现	11	s0333
e01218	Concept	年第	11	s0334
e01219	Concept	例外	11	s0334
e01220	Concept	国际列车	11	s0335
e01221	Concept	国际长途汽车不属于我国领域	11	s0335
e01222	Concept	年第	11	s0336
e01223	Concept	属地管辖原则之	11	s0337
e01224	Concept	既包括行为地	11	s0337
e01225	Concept	也包括结果地	11	s0337
e01226	Concept	二者只要具备其一即可	11	s0337
e01227	Concept	犯罪行为	11	s0338
e01228	Concept	从共同犯罪上分	11	s0338
e01229	Concept	包括实行行为	11	s0338
e01230	Concept	教唆行为和帮助行为	11	s0338
e01231	Concept	从犯罪形态	11	s0338
e01232	Concept	上分	11	s0338
e01233	Concept	包括预备行为和实行行为	11	s0338
e01234	Concept	上述行为中	11	s0339
e01235	Concept	只要有一项行为发生在国内	11	s0339
e01236	Concept	其他相关行	11	s0339
e01237	Concept	为即使发生在国外	11	s0339
e01238	Concept	也认为是在我国领域内犯罪	11	s0339
e01239	Concept	年第	11	s0340
e01240	Concept	犯罪结果	11	s0340
e01241	Concept	从共同犯罪上分	11	s0340
e01242	Concept	包括整体结果和部分共犯人的结果	11	s0340
e01243	Concept	从犯罪形态上	11	s0340
e01244	Concept	包括实害结果和危险结果	11	s0340
e01245	Concept	例如	11	s0341
e01246	Concept	甲从美国给我国境内的乙邮寄炸弹	11	s0341
e01247	Concept	乙收到炸弹	11	s0341
e01248	Concept	炸弹爆炸了	11	s0341
e01249	Concept	实害结果	11	s0341
e01250	Concept	或者炸弹被海关查获没爆炸	11	s0341
e01251	Concept	危险结果	11	s0341
e01252	Concept	上述结果中	11	s0342
e01253	Concept	只要有一个结果发生在国内	11	s0342
e01254	Concept	就认为是在我国领域内犯罪	11	s0342
e01255	Concept	在中国境外犯罪	11	s0343
e01256	Concept	属人管辖原则	11	s0344
e01257	Concept	我国公民在境外犯罪	11	s0344
e01258	Concept	中华人民共和国公民在中华人民共和国领域外犯本法规定之罪的	11	s0344
e01259	Concept	适用本	11	s0344
e01260	Concept	但是按本法规定的最高刑为三年以下有期徒刑的	11	s0344
e01261	Concept	可以不予追究	11	s0344
e01262	Concept	中华人民共和国国家工作人员和军人在中华人民共和国领域外犯本法规定之罪的	11	s0345
e01263	Concept	用本法	11	s0345
e01264	Concept	适用我国刑法的条件	11	s0346
e01265	Concept	第一	11	s0346
e01266	Concept	我国公民在国外犯我国刑法规定的犯罪	11	s0346
e01267	Concept	原则上适用我	11	s0346
e01268	Concept	国刑法	11	s0346
e01269	Concept	犯轻罪的	11	s0346
e01270	Concept	最高刑在	11	s0346
e01271	Concept	年或以下	11	s0346
e01272	Concept	可以不予人妃究	11	s0346
e01273	Concept	这意味着也可以追究	11	s0346
e01274	Concept	第二	11	s0346
e01275	Concept	若为国家工作人员和军人犯罪的	11	s0346
e01276	Concept	一律追究	11	s0346
e01277	Concept	保护管辖原则	11	s0348
e01278	Concept	外国人在境外犯罪	11	s0348
e01279	Concept	外国人在中华人民共和国领域外对中华人民共和国国家或者公民犯罪	11	s0348
e01280	Concept	而按	11	s0348
e01281	Concept	本法规定的最低刑为三年以上有期徒刑的	11	s0348
e01282	Concept	可以适用本法	11	s0348
e01283	Concept	但是按照犯罪地的法律不受处	11	s0348
e01284	Concept	属地管辖的例外	11	s0348
e01285	Concept	法律有特别规定	11	s0348
e01286	Concept	这主要包括三种情形	11	s0349
e01287	Concept	第一	11	s0349
e01288	Concept	享有外交特权和升免权的外国人在中国境	11	s0349
e01289	Concept	内犯罪	11	s0349
e01290	Concept	通过外交途径解决	11	s0349
e01291	Concept	第二	11	s0349
e01292	Concept	我国港澳台地区适用本地区刑法	11	s0349
e01293	Concept	第三	11	s0349
e01294	Concept	民族自治区人大根据本民族特点	11	s0349
e01295	Concept	针对	11	s0349
e01296	Concept	刑法部分条文制定了变通或补充规定	11	s0349
e01297	Concept	适用该规定	11	s0349
e01298	Concept	注意	11	s0350
e01299	Concept	教唆	11	s0350
e01300	Concept	帮助行为在国内	11	s0350
e01301	Concept	实行行为在国外	11	s0350
e01302	Concept	情形一	11	s0351
e01303	Concept	根据当地国刑法	11	s0351
e01304	Concept	实行行为无罪	11	s0351
e01305	Concept	我国刑法	11	s0351
e01306	Concept	规定为犯罪	11	s0351
e01307	Concept	则教唆行为	11	s0351
e01308	Concept	帮助行为也无罪	11	s0351
e01309	Concept	我国刑法不需据究	11	s0351
e01310	Concept	例如	11	s0352
e01311	Concept	甲在国内教唆美国人乙在拉斯维加斯开设赌	11	s0352
e01312	Concept	由于乙的行为在美国无罪	11	s0353
e01313	Concept	我国刑法有开设赌场罪	11	s0353
e01314	Concept	那么甲的教唆行为也无罪	11	s0353
e01315	Concept	我国刑法不需追究	11	s0353
e01316	Concept	情形	11	s0354
e01317	Concept	根据当地国刑法及我国刑法	11	s0354
e01318	Concept	实行行为有罪	11	s0354
e01319	Concept	只是我国刑法无法追究	11	s0354
e01320	Concept	则教唆	11	s0354
e01321	Concept	帮助行为有罪	11	s0354
e01322	Concept	我国刑法需要	11	s0354
e01323	Concept	追究	11	s0354
e01324	Concept	例如	11	s0355
e01325	Concept	甲在国内教唆美国人乙在日本杀害日本人两	11	s0355
e01326	Concept	日本及我国刑法都规定有杀人罪	11	s0356
e01327	Concept	乙的行为有罪	11	s0356
e01328	Concept	只是我	11	s0356
e01329	Concept	国刑法无法追究	11	s0356
e01330	Concept	也不需要追究	11	s0356
e01331	Concept	因此甲的教唆行为也有罪	11	s0356
e01332	Concept	我国刑法予以追究	11	s0356
e01333	Concept	注意	11	s0357
e01334	Concept	犯罪地不包括单纯过境地	11	s0357
e01335	Concept	甲从日本寄毒药给身在中国的乙	11	s0358
e01336	Concept	乙服毒后来到法国	11	s0358
e01337	Concept	在法国死	11	s0358
e01338	Concept	由于在我国国内发生了紧迫危险	11	s0359
e01339	Concept	我国作为危险结果地能够管辖此案	11	s0359
e01340	Concept	甲从日本向法国的乙寄送毒药	11	s0360
e01341	Concept	送该毒药的飞机经过我国领空	11	s0360
e01342	Concept	在我国机场停留了两个小时	11	s0360
e01343	Concept	由于在我国国内没有发生紧迫危险	11	s0361
e01344	Concept	我国不属于危险结	11	s0361
e01345	Concept	果地	11	s0361
e01346	Concept	不管辖此案	11	s0361
e01347	Concept	注意	11	s0362
e01348	Concept	跨境网络犯罪的犯罪地	11	s0362
e01349	Concept	包括	11	s0362
e01350	Concept	网站服务器所在地	11	s0362
e01351	Concept	网络接和人地	11	s0362
e01352	Concept	网站建立者	11	s0362
e01353	Concept	管理者所在地	11	s0362
e01354	Concept	犯罪活	11	s0362
e01355	Concept	动参与者所在地	11	s0362
e01356	Concept	被害人所在地	11	s0362
e01357	Concept	缅名人甲在缅甸建立赌博网站	11	s0363
e01358	Concept	中国境内的人在该网站参赌或者做代理	11	s0363
e01359	Concept	么中国境内属于该开设赌场罪的犯罪地	11	s0363
e01360	Concept	甲在马来西亚向中国境内的人打电话诈骗	11	s0364
e01361	Concept	或者实施网络诈骗	11	s0364
e01362	Concept	那么	11	s0364
e01363	Concept	中国境内属于该诈骗罪的犯罪地	11	s0364
e01364	Concept	刑法	12	s0365
e01365	Concept	专题讲座精讲卷	12	s0365
e01366	Concept	罚的除外	12	s0365
e01367	Concept	适用我国刑法的条件	12	s0366
e01368	Concept	第一	12	s0366
e01369	Concept	针对我国国家或公民的犯罪	12	s0366
e01370	Concept	第二	12	s0366
e01371	Concept	行为触犯的是重罪	12	s0366
e01372	Concept	低刑在	12	s0366
e01373	Concept	年或以上	12	s0366
e01374	Concept	第三	12	s0366
e01375	Concept	双重犯罪原则	12	s0366
e01376	Concept	犯罪地的法律也认为是犯罪	12	s0366
e01377	Concept	年第	12	s0367
e01378	Concept	例如	12	s0367
e01379	Concept	本节开头	12	s0367
e01380	Concept	金正男案	12	s0367
e01381	Concept	朝鲜依据保护管辖	12	s0367
e01382	Concept	马来西亚依据属地管辖	12	s0367
e01383	Concept	越南	12	s0367
e01384	Concept	依据属人管辖	12	s0367
e01385	Concept	三个国家都可以管辖	12	s0368
e01386	Concept	此时属地管辖优先	12	s0368
e01387	Concept	因为主要证据在马来西亚	12	s0368
e01388	Concept	普遍管辖原则	12	s0370
e01389	Concept	国际犯罪	12	s0370
e01390	Concept	对于中华人民共和国缔结或者参加的国际条约所规定的罪行	12	s0370
e01391	Concept	中华人民共和	12	s0370
e01392	Concept	国在所承担条约义务的范围内行使刑事管辖权的	12	s0370
e01393	Concept	适用本法	12	s0370
e01394	Concept	适用我国刑法的条件	12	s0371
e01395	Concept	第一	12	s0371
e01396	Concept	必须是危害人类共同利益的犯罪	12	s0371
e01397	Concept	主要有	12	s0371
e01398	Concept	劫持航空	12	s0371
e01399	Concept	跨国贩毒	12	s0371
e01400	Concept	跨国拐卖人口	12	s0371
e01401	Concept	海盗	12	s0371
e01402	Concept	种族灭绝	12	s0371
e01403	Concept	洗钱	12	s0371
e01404	Concept	疏怖活动等	12	s0371
e01405	Concept	第二	12	s0371
e01406	Concept	我国缔结或	12	s0371
e01407	Concept	参加了公约	12	s0371
e01408	Concept	第三	12	s0371
e01409	Concept	我国刑法将这种行为也规定为犯罪	12	s0371
e01410	Concept	第四	12	s0371
e01411	Concept	犯罪人出现在我国领域	12	s0371
e01412	Concept	注意	12	s0372
e01413	Concept	具体适用法律时	12	s0372
e01414	Concept	适用我国刑法	12	s0372
e01415	Concept	而非已缔结或参加的国际公约	12	s0372
e01416	Concept	年第	12	s0373
e01417	Concept	共同犯罪角度	12	s0373
e01418	Concept	实行行为地	12	s0373
e01419	Concept	教唆行为地	12	s0373
e01420	Concept	各助行为地	12	s0373
e01421	Concept	罪形态角度	12	s0373
e01422	Concept	实行行为地	12	s0373
e01423	Concept	预备行为地	12	s0373
e01424	Concept	在中国境内	12	s0373
e01425	Concept	属地管畏	12	s0373
e01426	Concept	共同犯罪角度	12	s0373
e01427	Concept	整体结果地	12	s0373
e01428	Concept	部分共犯人的结果地	12	s0373
e01429	Concept	效力	12	s0373
e01430	Concept	犯罪形态角度	12	s0373
e01431	Concept	实害结果地	12	s0373
e01432	Concept	危险发生地	12	s0373
e01433	Concept	属人管辖	12	s0373
e01434	Concept	中国人在境外犯罪	12	s0373
e01435	Concept	犯轻罪	12	s0373
e01436	Concept	可以不追究	12	s0373
e01437	Concept	国家工作人员和军人	12	s0373
e01438	Concept	一律追究	12	s0373
e01439	Concept	在号冲	12	s0373
e01440	Concept	保护管轿	12	s0373
e01441	Concept	外国人在境外犯罪	12	s0373
e01442	Concept	第一	12	s0373
e01443	Concept	针对中国国家或公民犯罪	12	s0373
e01444	Concept	第二	12	s0373
e01445	Concept	犯重因	12	s0373
e01446	Concept	第三	12	s0373
e01447	Concept	双重犯罪原则	12	s0373
e01448	Concept	普遍管辖	12	s0373
e01449	Concept	国际犯罪	12	s0373
e01450	Concept	刑法的时间效力	12	s0373
e01451	Concept	旧法	12	s0373
e01452	Concept	修正案	12	s0373
e01453	Concept	十二	12	s0373
e01454	Concept	新法	12	s0373
e01455	Concept	行为时	12	s0373
e01456	Concept	审判时	12	s0375
e01457	Concept	我国刑法关于时间效力的原则是	12	s0375
e01458	Concept	从旧兼从轻	12	s0375
e01459	Concept	这是指	12	s0376
e01460	Concept	原则上适用旧法	12	s0376
e01461	Concept	行为时的	12	s0376
e01462	Concept	法律	12	s0376
e01463	Concept	但适用新法有利于被告人时	12	s0376
e01464	Concept	适用新法	12	s0376
e01465	Concept	也即	12	s0377
e01466	Concept	原则上禁止法律溯及既往	12	s0377
e01467	Concept	例外	12	s0377
e01468	Concept	是不禁止有利于被告人的溯及既往	12	s0377
e01469	Concept	例如	12	s0378
e01470	Concept	甲是某民企的经理	12	s0378
e01471	Concept	年利用职务便利	12	s0378
e01472	Concept	为亲友非法牟利	12	s0378
e01473	Concept	案发	12	s0379
e01474	Concept	刑法修正案	12	s0380
e01475	Concept	十二	12	s0380
e01476	Concept	生效前	12	s0380
e01477	Concept	为亲友非法牟利罪的犯罪主体仅限于国有单位的	12	s0380
e01478	Concept	现行刑法于	12	s0380
e01479	Concept	日生效	12	s0380
e01480	Concept	刑法修正案	12	s0381
e01481	Concept	日生效	12	s0381
e01482	Concept	刑法修正案	12	s0382
e01483	Concept	日生效	12	s0382
e01484	Concept	和刑法修正案	12	s0383
e01485	Concept	日生效	12	s0383
e01486	Concept	刑法修正案	12	s0383
e01487	Concept	十一	12	s0383
e01488	Concept	生效	12	s0383
e01489	Concept	和刑法修正案	12	s0384
e01490	Concept	十二	12	s0384
e01491	Concept	日生效	12	s0384
e01492	Concept	第一讲	13	s0386
e01493	Concept	刑法论	13	s0386
e01494	Concept	和刑法修正案	13	s0387
e01495	Concept	十二	13	s0387
e01496	Concept	生效	13	s0387
e01497	Concept	该罪的犯罪主体包括了民企的人	13	s0387
e01498	Concept	按照行为时的规定	13	s0388
e01499	Concept	甲不构成为亲友非法牟利罪	13	s0388
e01500	Concept	按照新规定	13	s0389
e01501	Concept	甲构成该罪	13	s0389
e01502	Concept	对此	13	s0390
e01503	Concept	应当	13	s0390
e01504	Concept	从旧	13	s0390
e01505	Concept	也即按照行为时的规定	13	s0390
e01506	Concept	适用的案件	13	s0392
e01507	Concept	从旧兼从轻	13	s0392
e01508	Concept	原则适用的对象是未决犯	13	s0392
e01509	Concept	未判决的案件	13	s0392
e01510	Concept	也即	13	s0392
e01511	Concept	案件发生在旧法	13	s0392
e01512	Concept	审判发生在新法时	13	s0392
e01513	Concept	对于已决犯	13	s0393
e01514	Concept	已判决的案件	13	s0393
e01515	Concept	则不存在是否涛及既往的问题	13	s0393
e01516	Concept	注意	13	s0394
e01517	Concept	按照审判监督程序	13	s0394
e01518	Concept	再审程序	13	s0394
e01519	Concept	重新审判的案件	13	s0394
e01520	Concept	适用行为时的法律	13	s0394
e01521	Concept	例如	13	s0395
e01522	Concept	甲在	13	s0395
e01523	Concept	年对妇女机流让	13	s0395
e01524	Concept	按照当时刑法	13	s0395
e01525	Concept	符合流谍罪构成要件	13	s0395
e01526	Concept	被判流误罪	13	s0395
e01527	Concept	年弄	13	s0395
e01528	Concept	满释放	13	s0395
e01529	Concept	年新刑法	13	s0396
e01530	Concept	现行刑法	13	s0396
e01531	Concept	生效	13	s0396
e01532	Concept	删除流谍罪	13	s0396
e01533	Concept	甲申诉	13	s0397
e01534	Concept	要求再审	13	s0397
e01535	Concept	对该案再审	13	s0398
e01536	Concept	应适用行为时的法律	13	s0398
e01537	Concept	只要行为时的事实认定和法律适用没有问题	13	s0399
e01538	Concept	就应维持原判	13	s0399
e01539	Concept	司法解释的时间效力出	13	s0401
e01540	Concept	年第	13	s0401
e01541	Concept	参见	13	s0401
e01542	Concept	日最高人民法院	13	s0401
e01543	Concept	最高人民检察院	13	s0401
e01544	Concept	关于适用刑事司法解释时间效力问题的规定	13	s0401
e01545	Concept	司法解释具有漳及力	13	s0402
e01546	Concept	似乎违反了罪刑法定原则	13	s0402
e01547	Concept	实际上不违反	13	s0402
e01548	Concept	这是因为	13	s0403
e01549	Concept	司法解释不是立法条文	13	s0403
e01550	Concept	只是	13	s0403
e01551	Concept	对立法条文的含义的解释	13	s0403
e01552	Concept	因此按照司法解释处理	13	s0403
e01553	Concept	不违反罪刑法定原则	13	s0403
